ID,主类别,复合标签,适用主题,图源分类,图片直链,图源分类页,大陆访问说明,版权与生产备注
IMG001,学习成长,学习成长,学习/备考/校园/自我提升,生活百科,https://img.cc0.cn/pixabay/2019102221131845907.jpg%21w500.jpg,https://cc0.cn/image/shenghuo/,img.cc0.cn 国内域名CDN；短期Demo直链优先,使用前仍需检查肖像/商标/特殊版权；长期生产建议镜像到自有OSS/CDN
IMG002,家庭亲情,家庭亲情,家庭/父母/亲子/归家,生活百科,https://img.cc0.cn/pixabay/2019102905263953519.jpg%21w500.jpg,https://cc0.cn/image/shenghuo/,img.cc0.cn 国内域名CDN；短期Demo直链优先,使用前仍需检查肖像/商标/特殊版权；长期生产建议镜像到自有OSS/CDN
IMG003,职场发展,职场发展 / 通用背景,工作/转行/求职/成长,生活百科,https://img.cc0.cn/pixabay/2019102220031036949.jpg%21w500.jpg,https://cc0.cn/image/shenghuo/,img.cc0.cn 国内域名CDN；短期Demo直链优先,使用前仍需检查肖像/商标/特殊版权；长期生产建议镜像到自有OSS/CDN
IMG004,情感关系,情感关系,关系/陪伴/沟通/分手与重逢,生活百科,https://img.cc0.cn/pixabay/2019102905280453706.jpg%21w500.jpg,https://cc0.cn/image/shenghuo/,img.cc0.cn 国内域名CDN；短期Demo直链优先,使用前仍需检查肖像/商标/特殊版权；长期生产建议镜像到自有OSS/CDN
IMG005,创业思考,创业思考 / 通用背景,创业/产品/项目/商业决策,生活百科,https://img.cc0.cn/pixabay/201910231809103736.jpg%21w500.jpg,https://cc0.cn/image/shenghuo/,img.cc0.cn 国内域名CDN；短期Demo直链优先,使用前仍需检查肖像/商标/特殊版权；长期生产建议镜像到自有OSS/CDN
IMG006,自我反思,自我反思,独处/迷茫/疗愈/回看,生活百科,https://img.cc0.cn/pixabay/2019102900381915650.jpg%21w500.jpg,https://cc0.cn/image/shenghuo/,img.cc0.cn 国内域名CDN；短期Demo直链优先,使用前仍需检查肖像/商标/特殊版权；长期生产建议镜像到自有OSS/CDN
IMG007,学习成长,学习成长,学习/备考/校园/自我提升,生活百科,https://img.cc0.cn/pixabay/2019102322162434833.jpg%21w500.jpg,https://cc0.cn/image/shenghuo/,img.cc0.cn 国内域名CDN；短期Demo直链优先,使用前仍需检查肖像/商标/特殊版权；长期生产建议镜像到自有OSS/CDN
IMG008,家庭亲情,家庭亲情,家庭/父母/亲子/归家,生活百科,https://img.cc0.cn/pixabay/2019103116510132329.jpg%21w500.jpg,https://cc0.cn/image/shenghuo/,img.cc0.cn 国内域名CDN；短期Demo直链优先,使用前仍需检查肖像/商标/特殊版权；长期生产建议镜像到自有OSS/CDN
IMG009,职场发展,职场发展 / 通用背景,工作/转行/求职/成长,生活百科,https://img.cc0.cn/pixabay/2019102205545877449.jpg%21w500.jpg,https://cc0.cn/image/shenghuo/,img.cc0.cn 国内域名CDN；短期Demo直链优先,使用前仍需检查肖像/商标/特殊版权；长期生产建议镜像到自有OSS/CDN
IMG010,情感关系,情感关系,关系/陪伴/沟通/分手与重逢,生活百科,https://img.cc0.cn/pixabay/20200329185139183.jpg%21w500.jpg,https://cc0.cn/image/shenghuo/,img.cc0.cn 国内域名CDN；短期Demo直链优先,使用前仍需检查肖像/商标/特殊版权；长期生产建议镜像到自有OSS/CDN
IMG011,创业思考,创业思考 / 通用背景,创业/产品/项目/商业决策,生活百科,https://img.cc0.cn/pixabay/2019103119205755306.jpg%21w500.jpg,https://cc0.cn/image/shenghuo/,img.cc0.cn 国内域名CDN；短期Demo直链优先,使用前仍需检查肖像/商标/特殊版权；长期生产建议镜像到自有OSS/CDN
IMG012,自我反思,自我反思,独处/迷茫/疗愈/回看,生活百科,https://img.cc0.cn/pixabay/2019102901455124121.jpg%21w500.jpg,https://cc0.cn/image/shenghuo/,img.cc0.cn 国内域名CDN；短期Demo直链优先,使用前仍需检查肖像/商标/特殊版权；长期生产建议镜像到自有OSS/CDN
IMG013,学习成长,学习成长,学习/备考/校园/自我提升,生活百科,https://img.cc0.cn/pixabay/201910221546174161.jpg%21w500.jpg,https://cc0.cn/image/shenghuo/,img.cc0.cn 国内域名CDN；短期Demo直链优先,使用前仍需检查肖像/商标/特殊版权；长期生产建议镜像到自有OSS/CDN
IMG014,家庭亲情,家庭亲情,家庭/父母/亲子/归家,生活百科,https://img.cc0.cn/pixabay/201910282332277040.jpg%21w500.jpg,https://cc0.cn/image/shenghuo/,img.cc0.cn 国内域名CDN；短期Demo直链优先,使用前仍需检查肖像/商标/特殊版权；长期生产建议镜像到自有OSS/CDN
IMG015,职场发展,职场发展 / 通用背景,工作/转行/求职/成长,生活百科,https://img.cc0.cn/pixabay/2019102400562554965.jpg%21w500.jpg,https://cc0.cn/image/shenghuo/,img.cc0.cn 国内域名CDN；短期Demo直链优先,使用前仍需检查肖像/商标/特殊版权；长期生产建议镜像到自有OSS/CDN
IMG016,情感关系,情感关系,关系/陪伴/沟通/分手与重逢,生活百科,https://img.cc0.cn/pixabay/2019103115363420526.jpg%21w500.jpg,https://cc0.cn/image/shenghuo/,img.cc0.cn 国内域名CDN；短期Demo直链优先,使用前仍需检查肖像/商标/特殊版权；长期生产建议镜像到自有OSS/CDN
IMG017,创业思考,创业思考 / 通用背景,创业/产品/项目/商业决策,生活百科,https://img.cc0.cn/pixabay/2019102403074672173.jpg%21w500.jpg,https://cc0.cn/image/shenghuo/,img.cc0.cn 国内域名CDN；短期Demo直链优先,使用前仍需检查肖像/商标/特殊版权；长期生产建议镜像到自有OSS/CDN
IMG018,自我反思,自我反思,独处/迷茫/疗愈/回看,生活百科,https://img.cc0.cn/pixabay/2019102906245161367.jpg%21w500.jpg,https://cc0.cn/image/shenghuo/,img.cc0.cn 国内域名CDN；短期Demo直链优先,使用前仍需检查肖像/商标/特殊版权；长期生产建议镜像到自有OSS/CDN
IMG019,学习成长,学习成长,学习/备考/校园/自我提升,生活百科,https://img.cc0.cn/pixabay/2019103119401858220.jpg%21w500.jpg,https://cc0.cn/image/shenghuo/,img.cc0.cn 国内域名CDN；短期Demo直链优先,使用前仍需检查肖像/商标/特殊版权；长期生产建议镜像到自有OSS/CDN
IMG020,家庭亲情,家庭亲情,家庭/父母/亲子/归家,生活百科,https://img.cc0.cn/pixabay/2019102900301014599.jpg%21w500.jpg,https://cc0.cn/image/shenghuo/,img.cc0.cn 国内域名CDN；短期Demo直链优先,使用前仍需检查肖像/商标/特殊版权；长期生产建议镜像到自有OSS/CDN
IMG021,职场发展,职场发展 / 通用背景,工作/转行/求职/成长,生活百科,https://img.cc0.cn/pixabay/201910282348429173.jpg%21w500.jpg,https://cc0.cn/image/shenghuo/,img.cc0.cn 国内域名CDN；短期Demo直链优先,使用前仍需检查肖像/商标/特殊版权；长期生产建议镜像到自有OSS/CDN
IMG022,情感关系,情感关系,关系/陪伴/沟通/分手与重逢,生活百科,https://img.cc0.cn/pixabay/2019103119415958478.jpg%21w500.jpg,https://cc0.cn/image/shenghuo/,img.cc0.cn 国内域名CDN；短期Demo直链优先,使用前仍需检查肖像/商标/特殊版权；长期生产建议镜像到自有OSS/CDN
IMG023,创业思考,创业思考 / 通用背景,创业/产品/项目/商业决策,生活百科,https://img.cc0.cn/pixabay/2019102905010350067.jpg%21w500.jpg,https://cc0.cn/image/shenghuo/,img.cc0.cn 国内域名CDN；短期Demo直链优先,使用前仍需检查肖像/商标/特殊版权；长期生产建议镜像到自有OSS/CDN
IMG024,自我反思,自我反思,独处/迷茫/疗愈/回看,生活百科,https://img.cc0.cn/pixabay/2019102205172273165.jpg%21w500.jpg,https://cc0.cn/image/shenghuo/,img.cc0.cn 国内域名CDN；短期Demo直链优先,使用前仍需检查肖像/商标/特殊版权；长期生产建议镜像到自有OSS/CDN
IMG025,学习成长,学习成长,学习/备考/校园/自我提升,生活百科,https://img.cc0.cn/pixabay/2019102122075425819.jpg%21w500.jpg,https://cc0.cn/image/shenghuo/,img.cc0.cn 国内域名CDN；短期Demo直链优先,使用前仍需检查肖像/商标/特殊版权；长期生产建议镜像到自有OSS/CDN
IMG026,家庭亲情,家庭亲情,家庭/父母/亲子/归家,生活百科,https://img.cc0.cn/pixabay/2019102221102245529.jpg%21w500.jpg,https://cc0.cn/image/shenghuo/,img.cc0.cn 国内域名CDN；短期Demo直链优先,使用前仍需检查肖像/商标/特殊版权；长期生产建议镜像到自有OSS/CDN
IMG027,职场发展,职场发展 / 通用背景,工作/转行/求职/成长,生活百科,https://img.cc0.cn/pixabay/2019102401084556588.jpg%21w500.jpg,https://cc0.cn/image/shenghuo/,img.cc0.cn 国内域名CDN；短期Demo直链优先,使用前仍需检查肖像/商标/特殊版权；长期生产建议镜像到自有OSS/CDN
IMG028,情感关系,情感关系,关系/陪伴/沟通/分手与重逢,生活百科,https://img.cc0.cn/pixabay/201910311408456536.jpg%21w500.jpg,https://cc0.cn/image/shenghuo/,img.cc0.cn 国内域名CDN；短期Demo直链优先,使用前仍需检查肖像/商标/特殊版权；长期生产建议镜像到自有OSS/CDN
IMG029,创业思考,创业思考 / 通用背景,创业/产品/项目/商业决策,生活百科,https://img.cc0.cn/pixabay/2019103116430931104.jpg%21w500.jpg,https://cc0.cn/image/shenghuo/,img.cc0.cn 国内域名CDN；短期Demo直链优先,使用前仍需检查肖像/商标/特殊版权；长期生产建议镜像到自有OSS/CDN
IMG030,自我反思,自我反思,独处/迷茫/疗愈/回看,生活百科,https://img.cc0.cn/pixabay/2019102219170631180.jpg%21w500.jpg,https://cc0.cn/image/shenghuo/,img.cc0.cn 国内域名CDN；短期Demo直链优先,使用前仍需检查肖像/商标/特殊版权；长期生产建议镜像到自有OSS/CDN
IMG031,人生选择,人生选择 / 通用背景,决定/转折/重新开始/长期选择,自然风景,https://img.cc0.cn/image/pexels/cb951425646f523ae30998660eeaf024.jpg%21w500.jpg,https://cc0.cn/image/fengjing/,img.cc0.cn 国内域名CDN；短期Demo直链优先,使用前仍需检查肖像/商标/特殊版权；长期生产建议镜像到自有OSS/CDN
IMG032,迁移旅行,迁移旅行 / 通用背景,出发/搬迁/留学/旅行,自然风景,https://img.cc0.cn/pixabay/2019102901480824425.jpg%21w500.jpg,https://cc0.cn/image/fengjing/,img.cc0.cn 国内域名CDN；短期Demo直链优先,使用前仍需检查肖像/商标/特殊版权；长期生产建议镜像到自有OSS/CDN
IMG033,自我反思,自我反思 / 通用背景,独处/迷茫/疗愈/回看,自然风景,https://img.cc0.cn/pixabay/2019102403195273773.jpg%21w500.jpg,https://cc0.cn/image/fengjing/,img.cc0.cn 国内域名CDN；短期Demo直链优先,使用前仍需检查肖像/商标/特殊版权；长期生产建议镜像到自有OSS/CDN
IMG034,通用背景,通用背景,留白/氛围/低信息密度/标题封面,自然风景,https://img.cc0.cn/pixabay/2019103114335410562.jpg%21w500.jpg,https://cc0.cn/image/fengjing/,img.cc0.cn 国内域名CDN；短期Demo直链优先,使用前仍需检查肖像/商标/特殊版权；长期生产建议镜像到自有OSS/CDN
IMG035,人生选择,人生选择 / 通用背景,决定/转折/重新开始/长期选择,自然风景,https://img.cc0.cn/pixabay/2019102011215272466.jpg%21w500.jpg,https://cc0.cn/image/fengjing/,img.cc0.cn 国内域名CDN；短期Demo直链优先,使用前仍需检查肖像/商标/特殊版权；长期生产建议镜像到自有OSS/CDN
IMG036,迁移旅行,迁移旅行 / 通用背景,出发/搬迁/留学/旅行,自然风景,https://img.cc0.cn/pixabay/2019102906112859567.jpg%21w500.jpg,https://cc0.cn/image/fengjing/,img.cc0.cn 国内域名CDN；短期Demo直链优先,使用前仍需检查肖像/商标/特殊版权；长期生产建议镜像到自有OSS/CDN
IMG037,自我反思,自我反思 / 通用背景,独处/迷茫/疗愈/回看,自然风景,https://img.cc0.cn/pixabay/201910200239172375.jpg%21w500.jpg,https://cc0.cn/image/fengjing/,img.cc0.cn 国内域名CDN；短期Demo直链优先,使用前仍需检查肖像/商标/特殊版权；长期生产建议镜像到自有OSS/CDN
IMG038,通用背景,通用背景,留白/氛围/低信息密度/标题封面,自然风景,https://img.cc0.cn/pixabay/2019102222145453778.jpg%21w500.jpg,https://cc0.cn/image/fengjing/,img.cc0.cn 国内域名CDN；短期Demo直链优先,使用前仍需检查肖像/商标/特殊版权；长期生产建议镜像到自有OSS/CDN
IMG039,人生选择,人生选择 / 通用背景,决定/转折/重新开始/长期选择,自然风景,https://img.cc0.cn/pixabay/201910190006372325.jpg%21w500.jpg,https://cc0.cn/image/fengjing/,img.cc0.cn 国内域名CDN；短期Demo直链优先,使用前仍需检查肖像/商标/特殊版权；长期生产建议镜像到自有OSS/CDN
IMG040,迁移旅行,迁移旅行 / 通用背景,出发/搬迁/留学/旅行,自然风景,https://img.cc0.cn/pixabay/2019103114434512163.jpg%21w500.jpg,https://cc0.cn/image/fengjing/,img.cc0.cn 国内域名CDN；短期Demo直链优先,使用前仍需检查肖像/商标/特殊版权；长期生产建议镜像到自有OSS/CDN
IMG041,自我反思,自我反思 / 通用背景,独处/迷茫/疗愈/回看,自然风景,https://img.cc0.cn/pixabay/201910211944097757.jpg%21w500.jpg,https://cc0.cn/image/fengjing/,img.cc0.cn 国内域名CDN；短期Demo直链优先,使用前仍需检查肖像/商标/特殊版权；长期生产建议镜像到自有OSS/CDN
IMG042,通用背景,通用背景,留白/氛围/低信息密度/标题封面,自然风景,https://img.cc0.cn/pixabay/2019101709031850913.jpg%21w500.jpg,https://cc0.cn/image/fengjing/,img.cc0.cn 国内域名CDN；短期Demo直链优先,使用前仍需检查肖像/商标/特殊版权；长期生产建议镜像到自有OSS/CDN
IMG043,人生选择,人生选择 / 通用背景,决定/转折/重新开始/长期选择,自然风景,https://img.cc0.cn/pixabay/201910221555445407.jpg%21w500.jpg,https://cc0.cn/image/fengjing/,img.cc0.cn 国内域名CDN；短期Demo直链优先,使用前仍需检查肖像/商标/特殊版权；长期生产建议镜像到自有OSS/CDN
IMG044,迁移旅行,迁移旅行 / 通用背景,出发/搬迁/留学/旅行,自然风景,https://img.cc0.cn/pixabay/201910152244251957.jpg%21w500.jpg,https://cc0.cn/image/fengjing/,img.cc0.cn 国内域名CDN；短期Demo直链优先,使用前仍需检查肖像/商标/特殊版权；长期生产建议镜像到自有OSS/CDN
IMG045,自我反思,自我反思 / 通用背景,独处/迷茫/疗愈/回看,自然风景,https://img.cc0.cn/pixabay/201910211933016308.jpg%21w500.jpg,https://cc0.cn/image/fengjing/,img.cc0.cn 国内域名CDN；短期Demo直链优先,使用前仍需检查肖像/商标/特殊版权；长期生产建议镜像到自有OSS/CDN
IMG046,通用背景,通用背景,留白/氛围/低信息密度/标题封面,自然风景,https://img.cc0.cn/pixabay/2019102205024371495.jpg%21w500.jpg,https://cc0.cn/image/fengjing/,img.cc0.cn 国内域名CDN；短期Demo直链优先,使用前仍需检查肖像/商标/特殊版权；长期生产建议镜像到自有OSS/CDN
IMG047,人生选择,人生选择 / 通用背景,决定/转折/重新开始/长期选择,自然风景,https://img.cc0.cn/pixabay/2019102320164319755.jpg%21w500.jpg,https://cc0.cn/image/fengjing/,img.cc0.cn 国内域名CDN；短期Demo直链优先,使用前仍需检查肖像/商标/特殊版权；长期生产建议镜像到自有OSS/CDN
IMG048,迁移旅行,迁移旅行 / 通用背景,出发/搬迁/留学/旅行,自然风景,https://img.cc0.cn/pixabay/2019102222254155154.jpg%21w500.jpg,https://cc0.cn/image/fengjing/,img.cc0.cn 国内域名CDN；短期Demo直链优先,使用前仍需检查肖像/商标/特殊版权；长期生产建议镜像到自有OSS/CDN
IMG049,自我反思,自我反思 / 通用背景,独处/迷茫/疗愈/回看,自然风景,https://img.cc0.cn/pixabay/20191023174425929.jpg%21w500.jpg,https://cc0.cn/image/fengjing/,img.cc0.cn 国内域名CDN；短期Demo直链优先,使用前仍需检查肖像/商标/特殊版权；长期生产建议镜像到自有OSS/CDN
IMG050,通用背景,通用背景,留白/氛围/低信息密度/标题封面,自然风景,https://img.cc0.cn/pixabay/2019102220471242552.jpg%21w500.jpg,https://cc0.cn/image/fengjing/,img.cc0.cn 国内域名CDN；短期Demo直链优先,使用前仍需检查肖像/商标/特殊版权；长期生产建议镜像到自有OSS/CDN
IMG051,人生选择,人生选择 / 通用背景,决定/转折/重新开始/长期选择,自然风景,https://img.cc0.cn/pixabay/2019102100094115345.jpg%21w500.jpg,https://cc0.cn/image/fengjing/,img.cc0.cn 国内域名CDN；短期Demo直链优先,使用前仍需检查肖像/商标/特殊版权；长期生产建议镜像到自有OSS/CDN
IMG052,迁移旅行,迁移旅行 / 通用背景,出发/搬迁/留学/旅行,自然风景,https://img.cc0.cn/pixabay/20191020221140302.jpg%21w500.jpg,https://cc0.cn/image/fengjing/,img.cc0.cn 国内域名CDN；短期Demo直链优先,使用前仍需检查肖像/商标/特殊版权；长期生产建议镜像到自有OSS/CDN
IMG053,自我反思,自我反思 / 通用背景,独处/迷茫/疗愈/回看,自然风景,https://img.cc0.cn/pixabay/2019102200225140020.jpg%21w500.jpg,https://cc0.cn/image/fengjing/,img.cc0.cn 国内域名CDN；短期Demo直链优先,使用前仍需检查肖像/商标/特殊版权；长期生产建议镜像到自有OSS/CDN
IMG054,通用背景,通用背景,留白/氛围/低信息密度/标题封面,自然风景,https://img.cc0.cn/pixabay/2019102904283445702.jpg%21w500.jpg,https://cc0.cn/image/fengjing/,img.cc0.cn 国内域名CDN；短期Demo直链优先,使用前仍需检查肖像/商标/特殊版权；长期生产建议镜像到自有OSS/CDN
IMG055,人生选择,人生选择 / 通用背景,决定/转折/重新开始/长期选择,自然风景,https://img.cc0.cn/pixabay/2019101400085415394.jpg%21w500.jpg,https://cc0.cn/image/fengjing/,img.cc0.cn 国内域名CDN；短期Demo直链优先,使用前仍需检查肖像/商标/特殊版权；长期生产建议镜像到自有OSS/CDN
IMG056,迁移旅行,迁移旅行 / 通用背景,出发/搬迁/留学/旅行,自然风景,https://img.cc0.cn/pixabay/2019103120181063794.jpg%21w500.jpg,https://cc0.cn/image/fengjing/,img.cc0.cn 国内域名CDN；短期Demo直链优先,使用前仍需检查肖像/商标/特殊版权；长期生产建议镜像到自有OSS/CDN
IMG057,自我反思,自我反思 / 通用背景,独处/迷茫/疗愈/回看,自然风景,https://img.cc0.cn/pixabay/2019102913114480136.jpg%21w500.jpg,https://cc0.cn/image/fengjing/,img.cc0.cn 国内域名CDN；短期Demo直链优先,使用前仍需检查肖像/商标/特殊版权；长期生产建议镜像到自有OSS/CDN
IMG058,通用背景,通用背景,留白/氛围/低信息密度/标题封面,自然风景,https://img.cc0.cn/pixabay/2019101901085510244.jpg%21w500.jpg,https://cc0.cn/image/fengjing/,img.cc0.cn 国内域名CDN；短期Demo直链优先,使用前仍需检查肖像/商标/特殊版权；长期生产建议镜像到自有OSS/CDN
IMG059,人生选择,人生选择 / 通用背景,决定/转折/重新开始/长期选择,自然风景,https://img.cc0.cn/pixabay/2019102120061310537.jpg%21w500.jpg,https://cc0.cn/image/fengjing/,img.cc0.cn 国内域名CDN；短期Demo直链优先,使用前仍需检查肖像/商标/特殊版权；长期生产建议镜像到自有OSS/CDN
IMG060,迁移旅行,迁移旅行 / 通用背景,出发/搬迁/留学/旅行,自然风景,https://img.cc0.cn/pixabay/2019102101445627940.jpg%21w500.jpg,https://cc0.cn/image/fengjing/,img.cc0.cn 国内域名CDN；短期Demo直链优先,使用前仍需检查肖像/商标/特殊版权；长期生产建议镜像到自有OSS/CDN
IMG061,职场发展,职场发展 / 创业思考,工作/转行/求职/成长,各行各业,https://img.cc0.cn/pixabay/2019102107083971354.jpg%21w500.jpg,https://cc0.cn/image/hangye/,img.cc0.cn 国内域名CDN；短期Demo直链优先,使用前仍需检查肖像/商标/特殊版权；长期生产建议镜像到自有OSS/CDN
IMG062,创业思考,创业思考,创业/产品/项目/商业决策,各行各业,https://img.cc0.cn/pixabay/2019102004195015968.jpg%21w500.jpg,https://cc0.cn/image/hangye/,img.cc0.cn 国内域名CDN；短期Demo直链优先,使用前仍需检查肖像/商标/特殊版权；长期生产建议镜像到自有OSS/CDN
IMG063,人生选择,人生选择,决定/转折/重新开始/长期选择,各行各业,https://img.cc0.cn/pixabay/2019101908594871731.jpg%21w500.jpg,https://cc0.cn/image/hangye/,img.cc0.cn 国内域名CDN；短期Demo直链优先,使用前仍需检查肖像/商标/特殊版权；长期生产建议镜像到自有OSS/CDN
IMG064,城市生活,城市生活,通勤/城市/居住/日常,各行各业,https://img.cc0.cn/pixabay/201910211852271041.jpg%21w500.jpg,https://cc0.cn/image/hangye/,img.cc0.cn 国内域名CDN；短期Demo直链优先,使用前仍需检查肖像/商标/特殊版权；长期生产建议镜像到自有OSS/CDN
IMG065,职场发展,职场发展 / 创业思考,工作/转行/求职/成长,各行各业,https://img.cc0.cn/pixabay/2019102101275525676.jpg%21w500.jpg,https://cc0.cn/image/hangye/,img.cc0.cn 国内域名CDN；短期Demo直链优先,使用前仍需检查肖像/商标/特殊版权；长期生产建议镜像到自有OSS/CDN
IMG066,创业思考,创业思考,创业/产品/项目/商业决策,各行各业,https://img.cc0.cn/pixabay/2019103117262437885.jpg%21w500.jpg,https://cc0.cn/image/hangye/,img.cc0.cn 国内域名CDN；短期Demo直链优先,使用前仍需检查肖像/商标/特殊版权；长期生产建议镜像到自有OSS/CDN
IMG067,人生选择,人生选择,决定/转折/重新开始/长期选择,各行各业,https://img.cc0.cn/pixabay/2019102322500539036.jpg%21w500.jpg,https://cc0.cn/image/hangye/,img.cc0.cn 国内域名CDN；短期Demo直链优先,使用前仍需检查肖像/商标/特殊版权；长期生产建议镜像到自有OSS/CDN
IMG068,城市生活,城市生活,通勤/城市/居住/日常,各行各业,https://img.cc0.cn/pixabay/2019102322493738978.jpg%21w500.jpg,https://cc0.cn/image/hangye/,img.cc0.cn 国内域名CDN；短期Demo直链优先,使用前仍需检查肖像/商标/特殊版权；长期生产建议镜像到自有OSS/CDN
IMG069,职场发展,职场发展 / 创业思考,工作/转行/求职/成长,各行各业,https://img.cc0.cn/pixabay/2019101114300520522.jpg%21w500.jpg,https://cc0.cn/image/hangye/,img.cc0.cn 国内域名CDN；短期Demo直链优先,使用前仍需检查肖像/商标/特殊版权；长期生产建议镜像到自有OSS/CDN
IMG070,创业思考,创业思考,创业/产品/项目/商业决策,各行各业,https://img.cc0.cn/pixabay/2019110115171682299.jpg%21w500.jpg,https://cc0.cn/image/hangye/,img.cc0.cn 国内域名CDN；短期Demo直链优先,使用前仍需检查肖像/商标/特殊版权；长期生产建议镜像到自有OSS/CDN
IMG071,人生选择,人生选择,决定/转折/重新开始/长期选择,各行各业,https://img.cc0.cn/pixabay/2019102101533029082.jpg%21w500.jpg,https://cc0.cn/image/hangye/,img.cc0.cn 国内域名CDN；短期Demo直链优先,使用前仍需检查肖像/商标/特殊版权；长期生产建议镜像到自有OSS/CDN
IMG072,城市生活,城市生活,通勤/城市/居住/日常,各行各业,https://img.cc0.cn/pixabay/2019102121452723045.jpg%21w500.jpg,https://cc0.cn/image/hangye/,img.cc0.cn 国内域名CDN；短期Demo直链优先,使用前仍需检查肖像/商标/特殊版权；长期生产建议镜像到自有OSS/CDN
IMG073,职场发展,职场发展 / 创业思考,工作/转行/求职/成长,各行各业,https://img.cc0.cn/pixabay/2019101617521829364.jpg%21w500.jpg,https://cc0.cn/image/hangye/,img.cc0.cn 国内域名CDN；短期Demo直链优先,使用前仍需检查肖像/商标/特殊版权；长期生产建议镜像到自有OSS/CDN
IMG074,创业思考,创业思考,创业/产品/项目/商业决策,各行各业,https://img.cc0.cn/pixabay/2019101112334718045.jpg%21w500.jpg,https://cc0.cn/image/hangye/,img.cc0.cn 国内域名CDN；短期Demo直链优先,使用前仍需检查肖像/商标/特殊版权；长期生产建议镜像到自有OSS/CDN
IMG075,人生选择,人生选择,决定/转折/重新开始/长期选择,各行各业,https://img.cc0.cn/pixabay/2019102205562777621.jpg%21w500.jpg,https://cc0.cn/image/hangye/,img.cc0.cn 国内域名CDN；短期Demo直链优先,使用前仍需检查肖像/商标/特殊版权；长期生产建议镜像到自有OSS/CDN
IMG076,城市生活,城市生活,通勤/城市/居住/日常,各行各业,https://img.cc0.cn/pixabay/2019101904110333817.jpg%21w500.jpg,https://cc0.cn/image/hangye/,img.cc0.cn 国内域名CDN；短期Demo直链优先,使用前仍需检查肖像/商标/特殊版权；长期生产建议镜像到自有OSS/CDN
IMG077,职场发展,职场发展 / 创业思考,工作/转行/求职/成长,各行各业,https://img.cc0.cn/pixabay/2019102203291960962.jpg%21w500.jpg,https://cc0.cn/image/hangye/,img.cc0.cn 国内域名CDN；短期Demo直链优先,使用前仍需检查肖像/商标/特殊版权；长期生产建议镜像到自有OSS/CDN
IMG078,创业思考,创业思考,创业/产品/项目/商业决策,各行各业,https://img.cc0.cn/pixabay/2019101212234349184.jpg%21w500.jpg,https://cc0.cn/image/hangye/,img.cc0.cn 国内域名CDN；短期Demo直链优先,使用前仍需检查肖像/商标/特殊版权；长期生产建议镜像到自有OSS/CDN
IMG079,人生选择,人生选择,决定/转折/重新开始/长期选择,各行各业,https://img.cc0.cn/pixabay/2019101621283534461.jpg%21w500.jpg,https://cc0.cn/image/hangye/,img.cc0.cn 国内域名CDN；短期Demo直链优先,使用前仍需检查肖像/商标/特殊版权；长期生产建议镜像到自有OSS/CDN
IMG080,城市生活,城市生活,通勤/城市/居住/日常,各行各业,https://img.cc0.cn/pixabay/2019102319254113143.jpg%21w500.jpg,https://cc0.cn/image/hangye/,img.cc0.cn 国内域名CDN；短期Demo直链优先,使用前仍需检查肖像/商标/特殊版权；长期生产建议镜像到自有OSS/CDN
IMG081,职场发展,职场发展 / 创业思考,工作/转行/求职/成长,各行各业,https://img.cc0.cn/pixabay/201910200246063298.jpg%21w500.jpg,https://cc0.cn/image/hangye/,img.cc0.cn 国内域名CDN；短期Demo直链优先,使用前仍需检查肖像/商标/特殊版权；长期生产建议镜像到自有OSS/CDN
IMG082,创业思考,创业思考,创业/产品/项目/商业决策,各行各业,https://img.cc0.cn/pixabay/2019102219345333322.jpg%21w500.jpg,https://cc0.cn/image/hangye/,img.cc0.cn 国内域名CDN；短期Demo直链优先,使用前仍需检查肖像/商标/特殊版权；长期生产建议镜像到自有OSS/CDN
IMG083,人生选择,人生选择,决定/转折/重新开始/长期选择,各行各业,https://img.cc0.cn/pixabay/2019102217351017918.jpg%21w500.jpg,https://cc0.cn/image/hangye/,img.cc0.cn 国内域名CDN；短期Demo直链优先,使用前仍需检查肖像/商标/特殊版权；长期生产建议镜像到自有OSS/CDN
IMG084,城市生活,城市生活,通勤/城市/居住/日常,各行各业,https://img.cc0.cn/pixabay/2019102102370934888.jpg%21w500.jpg,https://cc0.cn/image/hangye/,img.cc0.cn 国内域名CDN；短期Demo直链优先,使用前仍需检查肖像/商标/特殊版权；长期生产建议镜像到自有OSS/CDN
IMG085,职场发展,职场发展 / 创业思考,工作/转行/求职/成长,各行各业,https://img.cc0.cn/pixabay/2019102220184838957.jpg%21w500.jpg,https://cc0.cn/image/hangye/,img.cc0.cn 国内域名CDN；短期Demo直链优先,使用前仍需检查肖像/商标/特殊版权；长期生产建议镜像到自有OSS/CDN
IMG086,创业思考,创业思考,创业/产品/项目/商业决策,各行各业,https://img.cc0.cn/pixabay/2019102220123338142.jpg%21w500.jpg,https://cc0.cn/image/hangye/,img.cc0.cn 国内域名CDN；短期Demo直链优先,使用前仍需检查肖像/商标/特殊版权；长期生产建议镜像到自有OSS/CDN
IMG087,人生选择,人生选择,决定/转折/重新开始/长期选择,各行各业,https://img.cc0.cn/pixabay/2019110115285984000.jpg%21w500.jpg,https://cc0.cn/image/hangye/,img.cc0.cn 国内域名CDN；短期Demo直链优先,使用前仍需检查肖像/商标/特殊版权；长期生产建议镜像到自有OSS/CDN
IMG088,城市生活,城市生活,通勤/城市/居住/日常,各行各业,https://img.cc0.cn/pixabay/2019103119564960718.jpg%21w500.jpg,https://cc0.cn/image/hangye/,img.cc0.cn 国内域名CDN；短期Demo直链优先,使用前仍需检查肖像/商标/特殊版权；长期生产建议镜像到自有OSS/CDN
IMG089,迁移旅行,迁移旅行 / 人生选择,出发/搬迁/留学/旅行,交通运输,https://img.cc0.cn/pixabay/2019101905305744274.jpg%21w500.jpg,https://cc0.cn/image/jiaotong/,img.cc0.cn 国内域名CDN；短期Demo直链优先,使用前仍需检查肖像/商标/特殊版权；长期生产建议镜像到自有OSS/CDN
IMG090,人生选择,人生选择,决定/转折/重新开始/长期选择,交通运输,https://img.cc0.cn/pixabay/2019101421191139431.jpg%21w500.jpg,https://cc0.cn/image/jiaotong/,img.cc0.cn 国内域名CDN；短期Demo直链优先,使用前仍需检查肖像/商标/特殊版权；长期生产建议镜像到自有OSS/CDN
IMG091,城市生活,城市生活 / 人生选择,通勤/城市/居住/日常,交通运输,https://img.cc0.cn/pixabay/2019101907225259025.jpg%21w500.jpg,https://cc0.cn/image/jiaotong/,img.cc0.cn 国内域名CDN；短期Demo直链优先,使用前仍需检查肖像/商标/特殊版权；长期生产建议镜像到自有OSS/CDN
IMG092,迁移旅行,迁移旅行 / 人生选择,出发/搬迁/留学/旅行,交通运输,https://img.cc0.cn/pixabay/2019102901152920159.jpg%21w500.jpg,https://cc0.cn/image/jiaotong/,img.cc0.cn 国内域名CDN；短期Demo直链优先,使用前仍需检查肖像/商标/特殊版权；长期生产建议镜像到自有OSS/CDN
IMG093,人生选择,人生选择,决定/转折/重新开始/长期选择,交通运输,https://img.cc0.cn/pixabay/2019102122131226408.jpg%21w500.jpg,https://cc0.cn/image/jiaotong/,img.cc0.cn 国内域名CDN；短期Demo直链优先,使用前仍需检查肖像/商标/特殊版权；长期生产建议镜像到自有OSS/CDN
IMG094,城市生活,城市生活 / 人生选择,通勤/城市/居住/日常,交通运输,https://img.cc0.cn/pixabay/201910311358534971.jpg%21w500.jpg,https://cc0.cn/image/jiaotong/,img.cc0.cn 国内域名CDN；短期Demo直链优先,使用前仍需检查肖像/商标/特殊版权；长期生产建议镜像到自有OSS/CDN
IMG095,迁移旅行,迁移旅行 / 人生选择,出发/搬迁/留学/旅行,交通运输,https://img.cc0.cn/pixabay/2019102104064846893.jpg%21w500.jpg,https://cc0.cn/image/jiaotong/,img.cc0.cn 国内域名CDN；短期Demo直链优先,使用前仍需检查肖像/商标/特殊版权；长期生产建议镜像到自有OSS/CDN
IMG096,人生选择,人生选择,决定/转折/重新开始/长期选择,交通运输,https://img.cc0.cn/pixabay/2019102005343326019.jpg%21w500.jpg,https://cc0.cn/image/jiaotong/,img.cc0.cn 国内域名CDN；短期Demo直链优先,使用前仍需检查肖像/商标/特殊版权；长期生产建议镜像到自有OSS/CDN
IMG097,城市生活,城市生活 / 人生选择,通勤/城市/居住/日常,交通运输,https://img.cc0.cn/pixabay/2019103119005252481.jpg%21w500.jpg,https://cc0.cn/image/jiaotong/,img.cc0.cn 国内域名CDN；短期Demo直链优先,使用前仍需检查肖像/商标/特殊版权；长期生产建议镜像到自有OSS/CDN
IMG098,迁移旅行,迁移旅行 / 人生选择,出发/搬迁/留学/旅行,交通运输,https://img.cc0.cn/pixabay/2019103120414867243.jpg%21w500.jpg,https://cc0.cn/image/jiaotong/,img.cc0.cn 国内域名CDN；短期Demo直链优先,使用前仍需检查肖像/商标/特殊版权；长期生产建议镜像到自有OSS/CDN
IMG099,人生选择,人生选择,决定/转折/重新开始/长期选择,交通运输,https://img.cc0.cn/pixabay/2019102203244260537.jpg%21w500.jpg,https://cc0.cn/image/jiaotong/,img.cc0.cn 国内域名CDN；短期Demo直链优先,使用前仍需检查肖像/商标/特殊版权；长期生产建议镜像到自有OSS/CDN
IMG100,城市生活,城市生活 / 人生选择,通勤/城市/居住/日常,交通运输,https://img.cc0.cn/pixabay/2019102009382858734.jpg%21w500.jpg,https://cc0.cn/image/jiaotong/,img.cc0.cn 国内域名CDN；短期Demo直链优先,使用前仍需检查肖像/商标/特殊版权；长期生产建议镜像到自有OSS/CDN
IMG101,迁移旅行,迁移旅行 / 人生选择,出发/搬迁/留学/旅行,交通运输,https://img.cc0.cn/pixabay/2019102101335926480.jpg%21w500.jpg,https://cc0.cn/image/jiaotong/,img.cc0.cn 国内域名CDN；短期Demo直链优先,使用前仍需检查肖像/商标/特殊版权；长期生产建议镜像到自有OSS/CDN
IMG102,人生选择,人生选择,决定/转折/重新开始/长期选择,交通运输,https://img.cc0.cn/pixabay/2019101902215919683.jpg%21w500.jpg,https://cc0.cn/image/jiaotong/,img.cc0.cn 国内域名CDN；短期Demo直链优先,使用前仍需检查肖像/商标/特殊版权；长期生产建议镜像到自有OSS/CDN
IMG103,城市生活,城市生活 / 人生选择,通勤/城市/居住/日常,交通运输,https://img.cc0.cn/pixabay/2019102105112855582.jpg%21w500.jpg,https://cc0.cn/image/jiaotong/,img.cc0.cn 国内域名CDN；短期Demo直链优先,使用前仍需检查肖像/商标/特殊版权；长期生产建议镜像到自有OSS/CDN
IMG104,迁移旅行,迁移旅行 / 人生选择,出发/搬迁/留学/旅行,交通运输,https://img.cc0.cn/pixabay/2019110114192173945.jpg%21w500.jpg,https://cc0.cn/image/jiaotong/,img.cc0.cn 国内域名CDN；短期Demo直链优先,使用前仍需检查肖像/商标/特殊版权；长期生产建议镜像到自有OSS/CDN
IMG105,人生选择,人生选择,决定/转折/重新开始/长期选择,交通运输,https://img.cc0.cn/pixabay/2019102221535151078.jpg%21w500.jpg,https://cc0.cn/image/jiaotong/,img.cc0.cn 国内域名CDN；短期Demo直链优先,使用前仍需检查肖像/商标/特殊版权；长期生产建议镜像到自有OSS/CDN
IMG106,城市生活,城市生活 / 人生选择,通勤/城市/居住/日常,交通运输,https://img.cc0.cn/pixabay/2019102100091815294.jpg%21w500.jpg,https://cc0.cn/image/jiaotong/,img.cc0.cn 国内域名CDN；短期Demo直链优先,使用前仍需检查肖像/商标/特殊版权；长期生产建议镜像到自有OSS/CDN
IMG107,迁移旅行,迁移旅行 / 人生选择,出发/搬迁/留学/旅行,交通运输,https://img.cc0.cn/pixabay/2019102123004831479.jpg%21w500.jpg,https://cc0.cn/image/jiaotong/,img.cc0.cn 国内域名CDN；短期Demo直链优先,使用前仍需检查肖像/商标/特殊版权；长期生产建议镜像到自有OSS/CDN
IMG108,人生选择,人生选择,决定/转折/重新开始/长期选择,交通运输,https://img.cc0.cn/pixabay/2019101906290851981.jpg%21w500.jpg,https://cc0.cn/image/jiaotong/,img.cc0.cn 国内域名CDN；短期Demo直链优先,使用前仍需检查肖像/商标/特殊版权；长期生产建议镜像到自有OSS/CDN
IMG109,城市生活,城市生活 / 人生选择,通勤/城市/居住/日常,交通运输,https://img.cc0.cn/pixabay/2019102102414635509.jpg%21w500.jpg,https://cc0.cn/image/jiaotong/,img.cc0.cn 国内域名CDN；短期Demo直链优先,使用前仍需检查肖像/商标/特殊版权；长期生产建议镜像到自有OSS/CDN
IMG110,迁移旅行,迁移旅行 / 人生选择,出发/搬迁/留学/旅行,交通运输,https://img.cc0.cn/pixabay/2019101815140977874.jpg%21w500.jpg,https://cc0.cn/image/jiaotong/,img.cc0.cn 国内域名CDN；短期Demo直链优先,使用前仍需检查肖像/商标/特殊版权；长期生产建议镜像到自有OSS/CDN
IMG111,人生选择,人生选择,决定/转折/重新开始/长期选择,交通运输,https://img.cc0.cn/pixabay/2019102006264933046.jpg%21w500.jpg,https://cc0.cn/image/jiaotong/,img.cc0.cn 国内域名CDN；短期Demo直链优先,使用前仍需检查肖像/商标/特殊版权；长期生产建议镜像到自有OSS/CDN
IMG112,城市生活,城市生活 / 人生选择,通勤/城市/居住/日常,交通运输,https://img.cc0.cn/pixabay/2019102201385348605.jpg%21w500.jpg,https://cc0.cn/image/jiaotong/,img.cc0.cn 国内域名CDN；短期Demo直链优先,使用前仍需检查肖像/商标/特殊版权；长期生产建议镜像到自有OSS/CDN
IMG113,迁移旅行,迁移旅行 / 人生选择,出发/搬迁/留学/旅行,交通运输,https://img.cc0.cn/pixabay/2019102913071579560.jpg%21w500.jpg,https://cc0.cn/image/jiaotong/,img.cc0.cn 国内域名CDN；短期Demo直链优先,使用前仍需检查肖像/商标/特殊版权；长期生产建议镜像到自有OSS/CDN
IMG114,人生选择,人生选择,决定/转折/重新开始/长期选择,交通运输,https://img.cc0.cn/pixabay/2019102906433063873.jpg%21w500.jpg,https://cc0.cn/image/jiaotong/,img.cc0.cn 国内域名CDN；短期Demo直链优先,使用前仍需检查肖像/商标/特殊版权；长期生产建议镜像到自有OSS/CDN
IMG115,城市生活,城市生活 / 人生选择,通勤/城市/居住/日常,交通运输,https://img.cc0.cn/pixabay/2019101905132941970.jpg%21w500.jpg,https://cc0.cn/image/jiaotong/,img.cc0.cn 国内域名CDN；短期Demo直链优先,使用前仍需检查肖像/商标/特殊版权；长期生产建议镜像到自有OSS/CDN
IMG116,迁移旅行,迁移旅行 / 人生选择,出发/搬迁/留学/旅行,交通运输,https://img.cc0.cn/pixabay/201910200303125610.jpg%21w500.jpg,https://cc0.cn/image/jiaotong/,img.cc0.cn 国内域名CDN；短期Demo直链优先,使用前仍需检查肖像/商标/特殊版权；长期生产建议镜像到自有OSS/CDN
IMG117,人生选择,人生选择,决定/转折/重新开始/长期选择,交通运输,https://img.cc0.cn/pixabay/2019102320002417640.jpg%21w500.jpg,https://cc0.cn/image/jiaotong/,img.cc0.cn 国内域名CDN；短期Demo直链优先,使用前仍需检查肖像/商标/特殊版权；长期生产建议镜像到自有OSS/CDN
IMG118,城市生活,城市生活 / 人生选择,通勤/城市/居住/日常,交通运输,https://img.cc0.cn/pixabay/201910200237342140.jpg%21w500.jpg,https://cc0.cn/image/jiaotong/,img.cc0.cn 国内域名CDN；短期Demo直链优先,使用前仍需检查肖像/商标/特殊版权；长期生产建议镜像到自有OSS/CDN
IMG119,城市生活,城市生活,通勤/城市/居住/日常,建筑空间,https://img.cc0.cn/pixabay/2019102123075332341.jpg%21w500.jpg,https://cc0.cn/image/jianzhu/,img.cc0.cn 国内域名CDN；短期Demo直链优先,使用前仍需检查肖像/商标/特殊版权；长期生产建议镜像到自有OSS/CDN
IMG120,职场发展,职场发展,工作/转行/求职/成长,建筑空间,https://img.cc0.cn/pixabay/2019102007004137605.jpg%21w500.jpg,https://cc0.cn/image/jianzhu/,img.cc0.cn 国内域名CDN；短期Demo直链优先,使用前仍需检查肖像/商标/特殊版权；长期生产建议镜像到自有OSS/CDN
IMG121,人生选择,人生选择,决定/转折/重新开始/长期选择,建筑空间,https://img.cc0.cn/pixabay/2019102200125438824.jpg%21w500.jpg,https://cc0.cn/image/jianzhu/,img.cc0.cn 国内域名CDN；短期Demo直链优先,使用前仍需检查肖像/商标/特殊版权；长期生产建议镜像到自有OSS/CDN
IMG122,通用背景,通用背景,留白/氛围/低信息密度/标题封面,建筑空间,https://img.cc0.cn/pixabay/2019102323165542082.jpg%21w500.jpg,https://cc0.cn/image/jianzhu/,img.cc0.cn 国内域名CDN；短期Demo直链优先,使用前仍需检查肖像/商标/特殊版权；长期生产建议镜像到自有OSS/CDN
IMG123,城市生活,城市生活,通勤/城市/居住/日常,建筑空间,https://img.cc0.cn/pixabay/2019101203383336641.jpg%21w500.jpg,https://cc0.cn/image/jianzhu/,img.cc0.cn 国内域名CDN；短期Demo直链优先,使用前仍需检查肖像/商标/特殊版权；长期生产建议镜像到自有OSS/CDN
IMG124,职场发展,职场发展,工作/转行/求职/成长,建筑空间,https://img.cc0.cn/pixabay/2019102907290470005.jpg%21w500.jpg,https://cc0.cn/image/jianzhu/,img.cc0.cn 国内域名CDN；短期Demo直链优先,使用前仍需检查肖像/商标/特殊版权；长期生产建议镜像到自有OSS/CDN
IMG125,人生选择,人生选择,决定/转折/重新开始/长期选择,建筑空间,https://img.cc0.cn/pixabay/201910152324312901.jpg%21w500.jpg,https://cc0.cn/image/jianzhu/,img.cc0.cn 国内域名CDN；短期Demo直链优先,使用前仍需检查肖像/商标/特殊版权；长期生产建议镜像到自有OSS/CDN
IMG126,通用背景,通用背景,留白/氛围/低信息密度/标题封面,建筑空间,https://img.cc0.cn/pixabay/2019101123440132004.jpg%21w500.jpg,https://cc0.cn/image/jianzhu/,img.cc0.cn 国内域名CDN；短期Demo直链优先,使用前仍需检查肖像/商标/特殊版权；长期生产建议镜像到自有OSS/CDN
IMG127,城市生活,城市生活,通勤/城市/居住/日常,建筑空间,https://img.cc0.cn/pixabay/201910200320197915.jpg%21w500.jpg,https://cc0.cn/image/jianzhu/,img.cc0.cn 国内域名CDN；短期Demo直链优先,使用前仍需检查肖像/商标/特殊版权；长期生产建议镜像到自有OSS/CDN
IMG128,职场发展,职场发展,工作/转行/求职/成长,建筑空间,https://img.cc0.cn/pixabay/2019102004554820794.jpg%21w500.jpg,https://cc0.cn/image/jianzhu/,img.cc0.cn 国内域名CDN；短期Demo直链优先,使用前仍需检查肖像/商标/特殊版权；长期生产建议镜像到自有OSS/CDN
IMG129,人生选择,人生选择,决定/转折/重新开始/长期选择,建筑空间,https://img.cc0.cn/pixabay/2019101320364310624.jpg%21w500.jpg,https://cc0.cn/image/jianzhu/,img.cc0.cn 国内域名CDN；短期Demo直链优先,使用前仍需检查肖像/商标/特殊版权；长期生产建议镜像到自有OSS/CDN
IMG130,通用背景,通用背景,留白/氛围/低信息密度/标题封面,建筑空间,https://img.cc0.cn/pixabay/2019101908440969682.jpg%21w500.jpg,https://cc0.cn/image/jianzhu/,img.cc0.cn 国内域名CDN；短期Demo直链优先,使用前仍需检查肖像/商标/特殊版权；长期生产建议镜像到自有OSS/CDN
IMG131,城市生活,城市生活,通勤/城市/居住/日常,建筑空间,https://img.cc0.cn/pixabay/2019102223112360916.jpg%21w500.jpg,https://cc0.cn/image/jianzhu/,img.cc0.cn 国内域名CDN；短期Demo直链优先,使用前仍需检查肖像/商标/特殊版权；长期生产建议镜像到自有OSS/CDN
IMG132,职场发展,职场发展,工作/转行/求职/成长,建筑空间,https://img.cc0.cn/pixabay/201910202234003119.jpg%21w500.jpg,https://cc0.cn/image/jianzhu/,img.cc0.cn 国内域名CDN；短期Demo直链优先,使用前仍需检查肖像/商标/特殊版权；长期生产建议镜像到自有OSS/CDN
IMG133,人生选择,人生选择,决定/转折/重新开始/长期选择,建筑空间,https://img.cc0.cn/pixabay/2019102007544144881.jpg%21w500.jpg,https://cc0.cn/image/jianzhu/,img.cc0.cn 国内域名CDN；短期Demo直链优先,使用前仍需检查肖像/商标/特殊版权；长期生产建议镜像到自有OSS/CDN
IMG134,通用背景,通用背景,留白/氛围/低信息密度/标题封面,建筑空间,https://img.cc0.cn/pixabay/2019102402474969605.jpg%21w500.jpg,https://cc0.cn/image/jianzhu/,img.cc0.cn 国内域名CDN；短期Demo直链优先,使用前仍需检查肖像/商标/特殊版权；长期生产建议镜像到自有OSS/CDN
IMG135,城市生活,城市生活,通勤/城市/居住/日常,建筑空间,https://img.cc0.cn/pixabay/2019102105001154065.jpg%21w500.jpg,https://cc0.cn/image/jianzhu/,img.cc0.cn 国内域名CDN；短期Demo直链优先,使用前仍需检查肖像/商标/特殊版权；长期生产建议镜像到自有OSS/CDN
IMG136,职场发展,职场发展,工作/转行/求职/成长,建筑空间,https://img.cc0.cn/pixabay/2019101612253221406.jpg%21w500.jpg,https://cc0.cn/image/jianzhu/,img.cc0.cn 国内域名CDN；短期Demo直链优先,使用前仍需检查肖像/商标/特殊版权；长期生产建议镜像到自有OSS/CDN
IMG137,人生选择,人生选择,决定/转折/重新开始/长期选择,建筑空间,https://img.cc0.cn/pixabay/2019101814494175974.jpg%21w500.jpg,https://cc0.cn/image/jianzhu/,img.cc0.cn 国内域名CDN；短期Demo直链优先,使用前仍需检查肖像/商标/特殊版权；长期生产建议镜像到自有OSS/CDN
IMG138,通用背景,通用背景,留白/氛围/低信息密度/标题封面,建筑空间,https://img.cc0.cn/pixabay/2019102004142815235.jpg%21w500.jpg,https://cc0.cn/image/jianzhu/,img.cc0.cn 国内域名CDN；短期Demo直链优先,使用前仍需检查肖像/商标/特殊版权；长期生产建议镜像到自有OSS/CDN
IMG139,城市生活,城市生活,通勤/城市/居住/日常,建筑空间,https://img.cc0.cn/pixabay/2019101616252127101.jpg%21w500.jpg,https://cc0.cn/image/jianzhu/,img.cc0.cn 国内域名CDN；短期Demo直链优先,使用前仍需检查肖像/商标/特殊版权；长期生产建议镜像到自有OSS/CDN
IMG140,职场发展,职场发展,工作/转行/求职/成长,建筑空间,https://img.cc0.cn/pixabay/2019101700150138323.jpg%21w500.jpg,https://cc0.cn/image/jianzhu/,img.cc0.cn 国内域名CDN；短期Demo直链优先,使用前仍需检查肖像/商标/特殊版权；长期生产建议镜像到自有OSS/CDN
IMG141,人生选择,人生选择,决定/转折/重新开始/长期选择,建筑空间,https://img.cc0.cn/pixabay/201910282306033744.jpg%21w500.jpg,https://cc0.cn/image/jianzhu/,img.cc0.cn 国内域名CDN；短期Demo直链优先,使用前仍需检查肖像/商标/特殊版权；长期生产建议镜像到自有OSS/CDN
IMG142,通用背景,通用背景,留白/氛围/低信息密度/标题封面,建筑空间,https://img.cc0.cn/pixabay/2019102103342442577.jpg%21w500.jpg,https://cc0.cn/image/jianzhu/,img.cc0.cn 国内域名CDN；短期Demo直链优先,使用前仍需检查肖像/商标/特殊版权；长期生产建议镜像到自有OSS/CDN
IMG143,城市生活,城市生活,通勤/城市/居住/日常,建筑空间,https://img.cc0.cn/pixabay/2019102103542545242.jpg%21w500.jpg,https://cc0.cn/image/jianzhu/,img.cc0.cn 国内域名CDN；短期Demo直链优先,使用前仍需检查肖像/商标/特殊版权；长期生产建议镜像到自有OSS/CDN
IMG144,职场发展,职场发展,工作/转行/求职/成长,建筑空间,https://img.cc0.cn/pixabay/2019101207523542668.jpg%21w500.jpg,https://cc0.cn/image/jianzhu/,img.cc0.cn 国内域名CDN；短期Demo直链优先,使用前仍需检查肖像/商标/特殊版权；长期生产建议镜像到自有OSS/CDN
IMG145,人生选择,人生选择,决定/转折/重新开始/长期选择,建筑空间,https://img.cc0.cn/pixabay/2019101620553733680.jpg%21w500.jpg,https://cc0.cn/image/jianzhu/,img.cc0.cn 国内域名CDN；短期Demo直链优先,使用前仍需检查肖像/商标/特殊版权；长期生产建议镜像到自有OSS/CDN
IMG146,通用背景,通用背景,留白/氛围/低信息密度/标题封面,建筑空间,https://img.cc0.cn/pixabay/2019101203485636890.jpg%21w500.jpg,https://cc0.cn/image/jianzhu/,img.cc0.cn 国内域名CDN；短期Demo直链优先,使用前仍需检查肖像/商标/特殊版权；长期生产建议镜像到自有OSS/CDN
IMG147,学习成长,学习成长 / 通用背景,学习/备考/校园/自我提升,生活物件,https://img.cc0.cn/pixabay/2019102219225631836.jpg%21w500.jpg,https://cc0.cn/image/wujian/,img.cc0.cn 国内域名CDN；短期Demo直链优先,使用前仍需检查肖像/商标/特殊版权；长期生产建议镜像到自有OSS/CDN
IMG148,职场发展,职场发展 / 通用背景,工作/转行/求职/成长,生活物件,https://img.cc0.cn/pixabay/2019102216370610882.jpg%21w500.jpg,https://cc0.cn/image/wujian/,img.cc0.cn 国内域名CDN；短期Demo直链优先,使用前仍需检查肖像/商标/特殊版权；长期生产建议镜像到自有OSS/CDN
IMG149,创业思考,创业思考 / 通用背景,创业/产品/项目/商业决策,生活物件,https://img.cc0.cn/pixabay/2019102200264640549.jpg%21w500.jpg,https://cc0.cn/image/wujian/,img.cc0.cn 国内域名CDN；短期Demo直链优先,使用前仍需检查肖像/商标/特殊版权；长期生产建议镜像到自有OSS/CDN
IMG150,自我反思,自我反思,独处/迷茫/疗愈/回看,生活物件,https://img.cc0.cn/pixabay/2019102120283213435.jpg%21w500.jpg,https://cc0.cn/image/wujian/,img.cc0.cn 国内域名CDN；短期Demo直链优先,使用前仍需检查肖像/商标/特殊版权；长期生产建议镜像到自有OSS/CDN
IMG151,通用背景,通用背景,留白/氛围/低信息密度/标题封面,生活物件,https://img.cc0.cn/pixabay/2019102221343248636.jpg%21w500.jpg,https://cc0.cn/image/wujian/,img.cc0.cn 国内域名CDN；短期Demo直链优先,使用前仍需检查肖像/商标/特殊版权；长期生产建议镜像到自有OSS/CDN
IMG152,学习成长,学习成长 / 通用背景,学习/备考/校园/自我提升,生活物件,https://img.cc0.cn/pixabay/2019102120301013651.jpg%21w500.jpg,https://cc0.cn/image/wujian/,img.cc0.cn 国内域名CDN；短期Demo直链优先,使用前仍需检查肖像/商标/特殊版权；长期生产建议镜像到自有OSS/CDN
IMG153,职场发展,职场发展 / 通用背景,工作/转行/求职/成长,生活物件,https://img.cc0.cn/pixabay/2019102902463032133.jpg%21w500.jpg,https://cc0.cn/image/wujian/,img.cc0.cn 国内域名CDN；短期Demo直链优先,使用前仍需检查肖像/商标/特殊版权；长期生产建议镜像到自有OSS/CDN
IMG154,创业思考,创业思考 / 通用背景,创业/产品/项目/商业决策,生活物件,https://img.cc0.cn/pixabay/2019102300055067534.jpg%21w500.jpg,https://cc0.cn/image/wujian/,img.cc0.cn 国内域名CDN；短期Demo直链优先,使用前仍需检查肖像/商标/特殊版权；长期生产建议镜像到自有OSS/CDN
IMG155,自我反思,自我反思,独处/迷茫/疗愈/回看,生活物件,https://img.cc0.cn/pixabay/201910202224011835.jpg%21w500.jpg,https://cc0.cn/image/wujian/,img.cc0.cn 国内域名CDN；短期Demo直链优先,使用前仍需检查肖像/商标/特殊版权；长期生产建议镜像到自有OSS/CDN
IMG156,通用背景,通用背景,留白/氛围/低信息密度/标题封面,生活物件,https://img.cc0.cn/pixabay/2019102319040010362.jpg%21w500.jpg,https://cc0.cn/image/wujian/,img.cc0.cn 国内域名CDN；短期Demo直链优先,使用前仍需检查肖像/商标/特殊版权；长期生产建议镜像到自有OSS/CDN
IMG157,学习成长,学习成长 / 通用背景,学习/备考/校园/自我提升,生活物件,https://img.cc0.cn/pixabay/2019103116562733205.jpg%21w500.jpg,https://cc0.cn/image/wujian/,img.cc0.cn 国内域名CDN；短期Demo直链优先,使用前仍需检查肖像/商标/特殊版权；长期生产建议镜像到自有OSS/CDN
IMG158,职场发展,职场发展 / 通用背景,工作/转行/求职/成长,生活物件,https://img.cc0.cn/pixabay/2019102009014553814.jpg%21w500.jpg,https://cc0.cn/image/wujian/,img.cc0.cn 国内域名CDN；短期Demo直链优先,使用前仍需检查肖像/商标/特殊版权；长期生产建议镜像到自有OSS/CDN
IMG159,创业思考,创业思考 / 通用背景,创业/产品/项目/商业决策,生活物件,https://img.cc0.cn/pixabay/2019102221545151212.jpg%21w500.jpg,https://cc0.cn/image/wujian/,img.cc0.cn 国内域名CDN；短期Demo直链优先,使用前仍需检查肖像/商标/特殊版权；长期生产建议镜像到自有OSS/CDN
IMG160,自我反思,自我反思,独处/迷茫/疗愈/回看,生活物件,https://img.cc0.cn/pixabay/2019102400553654859.jpg%21w500.jpg,https://cc0.cn/image/wujian/,img.cc0.cn 国内域名CDN；短期Demo直链优先,使用前仍需检查肖像/商标/特殊版权；长期生产建议镜像到自有OSS/CDN
IMG161,通用背景,通用背景,留白/氛围/低信息密度/标题封面,生活物件,https://img.cc0.cn/pixabay/2019102320340321992.jpg%21w500.jpg,https://cc0.cn/image/wujian/,img.cc0.cn 国内域名CDN；短期Demo直链优先,使用前仍需检查肖像/商标/特殊版权；长期生产建议镜像到自有OSS/CDN
IMG162,学习成长,学习成长 / 通用背景,学习/备考/校园/自我提升,生活物件,https://img.cc0.cn/pixabay/2019102120173512027.jpg%21w500.jpg,https://cc0.cn/image/wujian/,img.cc0.cn 国内域名CDN；短期Demo直链优先,使用前仍需检查肖像/商标/特殊版权；长期生产建议镜像到自有OSS/CDN
IMG163,职场发展,职场发展 / 通用背景,工作/转行/求职/成长,生活物件,https://img.cc0.cn/pixabay/2019102401282959159.jpg%21w500.jpg,https://cc0.cn/image/wujian/,img.cc0.cn 国内域名CDN；短期Demo直链优先,使用前仍需检查肖像/商标/特殊版权；长期生产建议镜像到自有OSS/CDN
IMG164,创业思考,创业思考 / 通用背景,创业/产品/项目/商业决策,生活物件,https://img.cc0.cn/pixabay/2019102401572662963.jpg%21w500.jpg,https://cc0.cn/image/wujian/,img.cc0.cn 国内域名CDN；短期Demo直链优先,使用前仍需检查肖像/商标/特殊版权；长期生产建议镜像到自有OSS/CDN
IMG165,自我反思,自我反思,独处/迷茫/疗愈/回看,生活物件,https://img.cc0.cn/pixabay/2019102118443140.jpg%21w500.jpg,https://cc0.cn/image/wujian/,img.cc0.cn 国内域名CDN；短期Demo直链优先,使用前仍需检查肖像/商标/特殊版权；长期生产建议镜像到自有OSS/CDN
IMG166,通用背景,通用背景,留白/氛围/低信息密度/标题封面,生活物件,https://img.cc0.cn/pixabay/2019102104293649945.jpg%21w500.jpg,https://cc0.cn/image/wujian/,img.cc0.cn 国内域名CDN；短期Demo直链优先,使用前仍需检查肖像/商标/特殊版权；长期生产建议镜像到自有OSS/CDN
IMG167,学习成长,学习成长 / 通用背景,学习/备考/校园/自我提升,生活物件,https://img.cc0.cn/pixabay/2019103114382311275.jpg%21w500.jpg,https://cc0.cn/image/wujian/,img.cc0.cn 国内域名CDN；短期Demo直链优先,使用前仍需检查肖像/商标/特殊版权；长期生产建议镜像到自有OSS/CDN
IMG168,职场发展,职场发展 / 通用背景,工作/转行/求职/成长,生活物件,https://img.cc0.cn/pixabay/2019103118262147216.jpg%21w500.jpg,https://cc0.cn/image/wujian/,img.cc0.cn 国内域名CDN；短期Demo直链优先,使用前仍需检查肖像/商标/特殊版权；长期生产建议镜像到自有OSS/CDN
IMG169,创业思考,创业思考 / 通用背景,创业/产品/项目/商业决策,生活物件,https://img.cc0.cn/pixabay/2019102900074211691.jpg%21w500.jpg,https://cc0.cn/image/wujian/,img.cc0.cn 国内域名CDN；短期Demo直链优先,使用前仍需检查肖像/商标/特殊版权；长期生产建议镜像到自有OSS/CDN
IMG170,自我反思,自我反思,独处/迷茫/疗愈/回看,生活物件,https://img.cc0.cn/pixabay/2019102906123259713.jpg%21w500.jpg,https://cc0.cn/image/wujian/,img.cc0.cn 国内域名CDN；短期Demo直链优先,使用前仍需检查肖像/商标/特殊版权；长期生产建议镜像到自有OSS/CDN
IMG171,通用背景,通用背景,留白/氛围/低信息密度/标题封面,生活物件,https://img.cc0.cn/pixabay/2019103117233737451.jpg%21w500.jpg,https://cc0.cn/image/wujian/,img.cc0.cn 国内域名CDN；短期Demo直链优先,使用前仍需检查肖像/商标/特殊版权；长期生产建议镜像到自有OSS/CDN
IMG172,学习成长,学习成长 / 通用背景,学习/备考/校园/自我提升,生活物件,https://img.cc0.cn/pixabay/2019102900351115237.jpg%21w500.jpg,https://cc0.cn/image/wujian/,img.cc0.cn 国内域名CDN；短期Demo直链优先,使用前仍需检查肖像/商标/特殊版权；长期生产建议镜像到自有OSS/CDN
IMG173,职场发展,职场发展 / 通用背景,工作/转行/求职/成长,生活物件,https://img.cc0.cn/pixabay/2019103116431831127.jpg%21w500.jpg,https://cc0.cn/image/wujian/,img.cc0.cn 国内域名CDN；短期Demo直链优先,使用前仍需检查肖像/商标/特殊版权；长期生产建议镜像到自有OSS/CDN
IMG174,创业思考,创业思考 / 通用背景,创业/产品/项目/商业决策,生活物件,https://img.cc0.cn/pixabay/2019103120244264740.jpg%21w500.jpg,https://cc0.cn/image/wujian/,img.cc0.cn 国内域名CDN；短期Demo直链优先,使用前仍需检查肖像/商标/特殊版权；长期生产建议镜像到自有OSS/CDN
IMG175,自我反思,自我反思,独处/迷茫/疗愈/回看,生活物件,https://img.cc0.cn/pixabay/201910211921024770.jpg%21w500.jpg,https://cc0.cn/image/wujian/,img.cc0.cn 国内域名CDN；短期Demo直链优先,使用前仍需检查肖像/商标/特殊版权；长期生产建议镜像到自有OSS/CDN
IMG176,情感关系,情感关系 / 通用背景,关系/陪伴/沟通/分手与重逢,唯美意境,https://img.cc0.cn/pixabay/2019102222222554737.jpg%21w500.jpg,https://cc0.cn/image/weimei/,img.cc0.cn 国内域名CDN；短期Demo直链优先,使用前仍需检查肖像/商标/特殊版权；长期生产建议镜像到自有OSS/CDN
IMG177,自我反思,自我反思 / 通用背景,独处/迷茫/疗愈/回看,唯美意境,https://img.cc0.cn/pixabay/2019102902315030158.jpg%21w500.jpg,https://cc0.cn/image/weimei/,img.cc0.cn 国内域名CDN；短期Demo直链优先,使用前仍需检查肖像/商标/特殊版权；长期生产建议镜像到自有OSS/CDN
IMG178,人生选择,人生选择,决定/转折/重新开始/长期选择,唯美意境,https://img.cc0.cn/pixabay/2019103119300056670.jpg%21w500.jpg,https://cc0.cn/image/weimei/,img.cc0.cn 国内域名CDN；短期Demo直链优先,使用前仍需检查肖像/商标/特殊版权；长期生产建议镜像到自有OSS/CDN
IMG179,通用背景,通用背景,留白/氛围/低信息密度/标题封面,唯美意境,https://img.cc0.cn/pixabay/2019102907041966672.jpg%21w500.jpg,https://cc0.cn/image/weimei/,img.cc0.cn 国内域名CDN；短期Demo直链优先,使用前仍需检查肖像/商标/特殊版权；长期生产建议镜像到自有OSS/CDN
IMG180,情感关系,情感关系 / 通用背景,关系/陪伴/沟通/分手与重逢,唯美意境,https://img.cc0.cn/pixabay/2019102121320421422.jpg%21w500.jpg,https://cc0.cn/image/weimei/,img.cc0.cn 国内域名CDN；短期Demo直链优先,使用前仍需检查肖像/商标/特殊版权；长期生产建议镜像到自有OSS/CDN
IMG181,自我反思,自我反思 / 通用背景,独处/迷茫/疗愈/回看,唯美意境,https://img.cc0.cn/pixabay/201910221621068766.jpg%21w500.jpg,https://cc0.cn/image/weimei/,img.cc0.cn 国内域名CDN；短期Demo直链优先,使用前仍需检查肖像/商标/特殊版权；长期生产建议镜像到自有OSS/CDN
IMG182,人生选择,人生选择,决定/转折/重新开始/长期选择,唯美意境,https://img.cc0.cn/pixabay/2019103114380111219.jpg%21w500.jpg,https://cc0.cn/image/weimei/,img.cc0.cn 国内域名CDN；短期Demo直链优先,使用前仍需检查肖像/商标/特殊版权；长期生产建议镜像到自有OSS/CDN
IMG183,通用背景,通用背景,留白/氛围/低信息密度/标题封面,唯美意境,https://img.cc0.cn/pixabay/2019102206062678747.jpg%21w500.jpg,https://cc0.cn/image/weimei/,img.cc0.cn 国内域名CDN；短期Demo直链优先,使用前仍需检查肖像/商标/特殊版权；长期生产建议镜像到自有OSS/CDN
IMG184,情感关系,情感关系 / 通用背景,关系/陪伴/沟通/分手与重逢,唯美意境,https://img.cc0.cn/pixabay/2019103114434912176.jpg%21w500.jpg,https://cc0.cn/image/weimei/,img.cc0.cn 国内域名CDN；短期Demo直链优先,使用前仍需检查肖像/商标/特殊版权；长期生产建议镜像到自有OSS/CDN
IMG185,自我反思,自我反思 / 通用背景,独处/迷茫/疗愈/回看,唯美意境,https://img.cc0.cn/pixabay/2019102901384423178.jpg%21w500.jpg,https://cc0.cn/image/weimei/,img.cc0.cn 国内域名CDN；短期Demo直链优先,使用前仍需检查肖像/商标/特殊版权；长期生产建议镜像到自有OSS/CDN
IMG186,人生选择,人生选择,决定/转折/重新开始/长期选择,唯美意境,https://img.cc0.cn/pixabay/2019102401051756131.jpg%21w500.jpg,https://cc0.cn/image/weimei/,img.cc0.cn 国内域名CDN；短期Demo直链优先,使用前仍需检查肖像/商标/特殊版权；长期生产建议镜像到自有OSS/CDN
IMG187,通用背景,通用背景,留白/氛围/低信息密度/标题封面,唯美意境,https://img.cc0.cn/pixabay/2019102402044863946.jpg%21w500.jpg,https://cc0.cn/image/weimei/,img.cc0.cn 国内域名CDN；短期Demo直链优先,使用前仍需检查肖像/商标/特殊版权；长期生产建议镜像到自有OSS/CDN
IMG188,情感关系,情感关系 / 通用背景,关系/陪伴/沟通/分手与重逢,唯美意境,https://img.cc0.cn/pixabay/2019102106325766577.jpg%21w500.jpg,https://cc0.cn/image/weimei/,img.cc0.cn 国内域名CDN；短期Demo直链优先,使用前仍需检查肖像/商标/特殊版权；长期生产建议镜像到自有OSS/CDN
IMG189,自我反思,自我反思 / 通用背景,独处/迷茫/疗愈/回看,唯美意境,https://img.cc0.cn/pixabay/2019103121032970341.jpg%21w500.jpg,https://cc0.cn/image/weimei/,img.cc0.cn 国内域名CDN；短期Demo直链优先,使用前仍需检查肖像/商标/特殊版权；长期生产建议镜像到自有OSS/CDN
IMG190,人生选择,人生选择,决定/转折/重新开始/长期选择,唯美意境,https://img.cc0.cn/pixabay/2019103116250428286.jpg%21w500.jpg,https://cc0.cn/image/weimei/,img.cc0.cn 国内域名CDN；短期Demo直链优先,使用前仍需检查肖像/商标/特殊版权；长期生产建议镜像到自有OSS/CDN
IMG191,通用背景,通用背景,留白/氛围/低信息密度/标题封面,唯美意境,https://img.cc0.cn/pixabay/2019102204550170608.jpg%21w500.jpg,https://cc0.cn/image/weimei/,img.cc0.cn 国内域名CDN；短期Demo直链优先,使用前仍需检查肖像/商标/特殊版权；长期生产建议镜像到自有OSS/CDN
IMG192,情感关系,情感关系 / 通用背景,关系/陪伴/沟通/分手与重逢,唯美意境,https://img.cc0.cn/pixabay/2019102321480631282.jpg%21w500.jpg,https://cc0.cn/image/weimei/,img.cc0.cn 国内域名CDN；短期Demo直链优先,使用前仍需检查肖像/商标/特殊版权；长期生产建议镜像到自有OSS/CDN
IMG193,自我反思,自我反思 / 通用背景,独处/迷茫/疗愈/回看,唯美意境,https://img.cc0.cn/pixabay/2019102123375134955.jpg%21w500.jpg,https://cc0.cn/image/weimei/,img.cc0.cn 国内域名CDN；短期Demo直链优先,使用前仍需检查肖像/商标/特殊版权；长期生产建议镜像到自有OSS/CDN
IMG194,人生选择,人生选择,决定/转折/重新开始/长期选择,唯美意境,https://img.cc0.cn/pixabay/2019102121182719689.jpg%21w500.jpg,https://cc0.cn/image/weimei/,img.cc0.cn 国内域名CDN；短期Demo直链优先,使用前仍需检查肖像/商标/特殊版权；长期生产建议镜像到自有OSS/CDN
IMG195,通用背景,通用背景,留白/氛围/低信息密度/标题封面,唯美意境,https://img.cc0.cn/pixabay/2019102011120071144.jpg%21w500.jpg,https://cc0.cn/image/weimei/,img.cc0.cn 国内域名CDN；短期Demo直链优先,使用前仍需检查肖像/商标/特殊版权；长期生产建议镜像到自有OSS/CDN
IMG196,情感关系,情感关系 / 通用背景,关系/陪伴/沟通/分手与重逢,唯美意境,https://img.cc0.cn/pixabay/2019101814513976123.jpg%21w500.jpg,https://cc0.cn/image/weimei/,img.cc0.cn 国内域名CDN；短期Demo直链优先,使用前仍需检查肖像/商标/特殊版权；长期生产建议镜像到自有OSS/CDN
IMG197,自我反思,自我反思 / 通用背景,独处/迷茫/疗愈/回看,唯美意境,https://img.cc0.cn/pixabay/2019102907103867518.jpg%21w500.jpg,https://cc0.cn/image/weimei/,img.cc0.cn 国内域名CDN；短期Demo直链优先,使用前仍需检查肖像/商标/特殊版权；长期生产建议镜像到自有OSS/CDN
IMG198,人生选择,人生选择,决定/转折/重新开始/长期选择,唯美意境,https://img.cc0.cn/pixabay/2019102902315030156.jpg%21w500.jpg,https://cc0.cn/image/weimei/,img.cc0.cn 国内域名CDN；短期Demo直链优先,使用前仍需检查肖像/商标/特殊版权；长期生产建议镜像到自有OSS/CDN
IMG199,通用背景,通用背景,留白/氛围/低信息密度/标题封面,唯美意境,https://img.cc0.cn/pixabay/2019102902024926392.jpg%21w500.jpg,https://cc0.cn/image/weimei/,img.cc0.cn 国内域名CDN；短期Demo直链优先,使用前仍需检查肖像/商标/特殊版权；长期生产建议镜像到自有OSS/CDN
IMG200,情感关系,情感关系 / 通用背景,关系/陪伴/沟通/分手与重逢,唯美意境,https://img.cc0.cn/pixabay/2019102218143123092.jpg%21w500.jpg,https://cc0.cn/image/weimei/,img.cc0.cn 国内域名CDN；短期Demo直链优先,使用前仍需检查肖像/商标/特殊版权；长期生产建议镜像到自有OSS/CDN
IMG201,自我反思,自我反思 / 通用背景,独处/迷茫/疗愈/回看,唯美意境,https://img.cc0.cn/pixabay/2019102219463934841.jpg%21w500.jpg,https://cc0.cn/image/weimei/,img.cc0.cn 国内域名CDN；短期Demo直链优先,使用前仍需检查肖像/商标/特殊版权；长期生产建议镜像到自有OSS/CDN
IMG202,人生选择,人生选择,决定/转折/重新开始/长期选择,唯美意境,https://img.cc0.cn/pixabay/2019102102054630720.jpg%21w500.jpg,https://cc0.cn/image/weimei/,img.cc0.cn 国内域名CDN；短期Demo直链优先,使用前仍需检查肖像/商标/特殊版权；长期生产建议镜像到自有OSS/CDN
IMG203,通用背景,通用背景,留白/氛围/低信息密度/标题封面,唯美意境,https://img.cc0.cn/pixabay/2019102912503477421.jpg%21w500.jpg,https://cc0.cn/image/weimei/,img.cc0.cn 国内域名CDN；短期Demo直链优先,使用前仍需检查肖像/商标/特殊版权；长期生产建议镜像到自有OSS/CDN
IMG204,人生选择,人生选择 / 通用背景,决定/转折/重新开始/长期选择,自然地理,https://img.cc0.cn/pixabay/2019102103413143536.jpg%21w500.jpg,https://cc0.cn/image/ziran/,img.cc0.cn 国内域名CDN；短期Demo直链优先,使用前仍需检查肖像/商标/特殊版权；长期生产建议镜像到自有OSS/CDN
IMG205,迁移旅行,迁移旅行 / 通用背景,出发/搬迁/留学/旅行,自然地理,https://img.cc0.cn/pixabay/2019102319214412616.jpg%21w500.jpg,https://cc0.cn/image/ziran/,img.cc0.cn 国内域名CDN；短期Demo直链优先,使用前仍需检查肖像/商标/特殊版权；长期生产建议镜像到自有OSS/CDN
IMG206,自我反思,自我反思 / 通用背景,独处/迷茫/疗愈/回看,自然地理,https://img.cc0.cn/pixabay/2019102900443916333.jpg%21w500.jpg,https://cc0.cn/image/ziran/,img.cc0.cn 国内域名CDN；短期Demo直链优先,使用前仍需检查肖像/商标/特殊版权；长期生产建议镜像到自有OSS/CDN
IMG207,通用背景,通用背景,留白/氛围/低信息密度/标题封面,自然地理,https://img.cc0.cn/pixabay/2019102322563339758.jpg%21w500.jpg,https://cc0.cn/image/ziran/,img.cc0.cn 国内域名CDN；短期Demo直链优先,使用前仍需检查肖像/商标/特殊版权；长期生产建议镜像到自有OSS/CDN
IMG208,人生选择,人生选择 / 通用背景,决定/转折/重新开始/长期选择,自然地理,https://img.cc0.cn/pixabay/2019102011092670824.jpg%21w500.jpg,https://cc0.cn/image/ziran/,img.cc0.cn 国内域名CDN；短期Demo直链优先,使用前仍需检查肖像/商标/特殊版权；长期生产建议镜像到自有OSS/CDN
IMG209,迁移旅行,迁移旅行 / 通用背景,出发/搬迁/留学/旅行,自然地理,https://img.cc0.cn/pixabay/2019102108181880663.jpg%21w500.jpg,https://cc0.cn/image/ziran/,img.cc0.cn 国内域名CDN；短期Demo直链优先,使用前仍需检查肖像/商标/特殊版权；长期生产建议镜像到自有OSS/CDN
IMG210,自我反思,自我反思 / 通用背景,独处/迷茫/疗愈/回看,自然地理,https://img.cc0.cn/pixabay/2019101901444914850.jpg%21w500.jpg,https://cc0.cn/image/ziran/,img.cc0.cn 国内域名CDN；短期Demo直链优先,使用前仍需检查肖像/商标/特殊版权；长期生产建议镜像到自有OSS/CDN
IMG211,通用背景,通用背景,留白/氛围/低信息密度/标题封面,自然地理,https://img.cc0.cn/pixabay/2019103119371057741.jpg%21w500.jpg,https://cc0.cn/image/ziran/,img.cc0.cn 国内域名CDN；短期Demo直链优先,使用前仍需检查肖像/商标/特殊版权；长期生产建议镜像到自有OSS/CDN
IMG212,人生选择,人生选择 / 通用背景,决定/转折/重新开始/长期选择,自然地理,https://img.cc0.cn/pixabay/2019102319144511731.jpg%21w500.jpg,https://cc0.cn/image/ziran/,img.cc0.cn 国内域名CDN；短期Demo直链优先,使用前仍需检查肖像/商标/特殊版权；长期生产建议镜像到自有OSS/CDN
IMG213,迁移旅行,迁移旅行 / 通用背景,出发/搬迁/留学/旅行,自然地理,https://img.cc0.cn/pixabay/201910311427219497.jpg%21w500.jpg,https://cc0.cn/image/ziran/,img.cc0.cn 国内域名CDN；短期Demo直链优先,使用前仍需检查肖像/商标/特殊版权；长期生产建议镜像到自有OSS/CDN
IMG214,自我反思,自我反思 / 通用背景,独处/迷茫/疗愈/回看,自然地理,https://img.cc0.cn/pixabay/2019103116383430396.jpg%21w500.jpg,https://cc0.cn/image/ziran/,img.cc0.cn 国内域名CDN；短期Demo直链优先,使用前仍需检查肖像/商标/特殊版权；长期生产建议镜像到自有OSS/CDN
IMG215,通用背景,通用背景,留白/氛围/低信息密度/标题封面,自然地理,https://img.cc0.cn/pixabay/2019103114380411229.jpg%21w500.jpg,https://cc0.cn/image/ziran/,img.cc0.cn 国内域名CDN；短期Demo直链优先,使用前仍需检查肖像/商标/特殊版权；长期生产建议镜像到自有OSS/CDN
IMG216,人生选择,人生选择 / 通用背景,决定/转折/重新开始/长期选择,自然地理,https://img.cc0.cn/pixabay/2019102906460864231.jpg%21w500.jpg,https://cc0.cn/image/ziran/,img.cc0.cn 国内域名CDN；短期Demo直链优先,使用前仍需检查肖像/商标/特殊版权；长期生产建议镜像到自有OSS/CDN
IMG217,迁移旅行,迁移旅行 / 通用背景,出发/搬迁/留学/旅行,自然地理,https://img.cc0.cn/pixabay/2019102300504373139.jpg%21w500.jpg,https://cc0.cn/image/ziran/,img.cc0.cn 国内域名CDN；短期Demo直链优先,使用前仍需检查肖像/商标/特殊版权；长期生产建议镜像到自有OSS/CDN
IMG218,自我反思,自我反思 / 通用背景,独处/迷茫/疗愈/回看,自然地理,https://img.cc0.cn/pixabay/2019101902113718336.jpg%21w500.jpg,https://cc0.cn/image/ziran/,img.cc0.cn 国内域名CDN；短期Demo直链优先,使用前仍需检查肖像/商标/特殊版权；长期生产建议镜像到自有OSS/CDN
IMG219,通用背景,通用背景,留白/氛围/低信息密度/标题封面,自然地理,https://img.cc0.cn/pixabay/2019102320333721936.jpg%21w500.jpg,https://cc0.cn/image/ziran/,img.cc0.cn 国内域名CDN；短期Demo直链优先,使用前仍需检查肖像/商标/特殊版权；长期生产建议镜像到自有OSS/CDN
IMG220,人生选择,人生选择 / 通用背景,决定/转折/重新开始/长期选择,自然地理,https://img.cc0.cn/pixabay/2019102322545639547.jpg%21w500.jpg,https://cc0.cn/image/ziran/,img.cc0.cn 国内域名CDN；短期Demo直链优先,使用前仍需检查肖像/商标/特殊版权；长期生产建议镜像到自有OSS/CDN
IMG221,迁移旅行,迁移旅行 / 通用背景,出发/搬迁/留学/旅行,自然地理,https://img.cc0.cn/pixabay/2019103121145271781.jpg%21w500.jpg,https://cc0.cn/image/ziran/,img.cc0.cn 国内域名CDN；短期Demo直链优先,使用前仍需检查肖像/商标/特殊版权；长期生产建议镜像到自有OSS/CDN
IMG222,自我反思,自我反思 / 通用背景,独处/迷茫/疗愈/回看,自然地理,https://img.cc0.cn/pixabay/2019102102545137262.jpg%21w500.jpg,https://cc0.cn/image/ziran/,img.cc0.cn 国内域名CDN；短期Demo直链优先,使用前仍需检查肖像/商标/特殊版权；长期生产建议镜像到自有OSS/CDN
IMG223,通用背景,通用背景,留白/氛围/低信息密度/标题封面,自然地理,https://img.cc0.cn/pixabay/2019102320395522751.jpg%21w500.jpg,https://cc0.cn/image/ziran/,img.cc0.cn 国内域名CDN；短期Demo直链优先,使用前仍需检查肖像/商标/特殊版权；长期生产建议镜像到自有OSS/CDN
IMG224,人生选择,人生选择 / 通用背景,决定/转折/重新开始/长期选择,自然地理,https://img.cc0.cn/pixabay/2019102905133551764.png%21w500.jpg,https://cc0.cn/image/ziran/,img.cc0.cn 国内域名CDN；短期Demo直链优先,使用前仍需检查肖像/商标/特殊版权；长期生产建议镜像到自有OSS/CDN
IMG225,迁移旅行,迁移旅行 / 通用背景,出发/搬迁/留学/旅行,自然地理,https://img.cc0.cn/pixabay/2019102321383030068.jpg%21w500.jpg,https://cc0.cn/image/ziran/,img.cc0.cn 国内域名CDN；短期Demo直链优先,使用前仍需检查肖像/商标/特殊版权；长期生产建议镜像到自有OSS/CDN
IMG226,自我反思,自我反思 / 通用背景,独处/迷茫/疗愈/回看,自然地理,https://img.cc0.cn/pixabay/2019102113073081186.jpg%21w500.jpg,https://cc0.cn/image/ziran/,img.cc0.cn 国内域名CDN；短期Demo直链优先,使用前仍需检查肖像/商标/特殊版权；长期生产建议镜像到自有OSS/CDN
IMG227,通用背景,通用背景,留白/氛围/低信息密度/标题封面,自然地理,https://img.cc0.cn/pixabay/2019101907164358222.jpg%21w500.jpg,https://cc0.cn/image/ziran/,img.cc0.cn 国内域名CDN；短期Demo直链优先,使用前仍需检查肖像/商标/特殊版权；长期生产建议镜像到自有OSS/CDN
IMG228,人生选择,人生选择 / 通用背景,决定/转折/重新开始/长期选择,自然地理,https://img.cc0.cn/pixabay/2019103119252555984.jpg%21w500.jpg,https://cc0.cn/image/ziran/,img.cc0.cn 国内域名CDN；短期Demo直链优先,使用前仍需检查肖像/商标/特殊版权；长期生产建议镜像到自有OSS/CDN
IMG229,迁移旅行,迁移旅行 / 通用背景,出发/搬迁/留学/旅行,自然地理,https://img.cc0.cn/pixabay/2019102205100272332.jpg%21w500.jpg,https://cc0.cn/image/ziran/,img.cc0.cn 国内域名CDN；短期Demo直链优先,使用前仍需检查肖像/商标/特殊版权；长期生产建议镜像到自有OSS/CDN
IMG230,自我反思,自我反思 / 通用背景,独处/迷茫/疗愈/回看,自然地理,https://img.cc0.cn/pixabay/2019103118010543314.jpg%21w500.jpg,https://cc0.cn/image/ziran/,img.cc0.cn 国内域名CDN；短期Demo直链优先,使用前仍需检查肖像/商标/特殊版权；长期生产建议镜像到自有OSS/CDN
IMG231,迁移旅行,迁移旅行,出发/搬迁/留学/旅行,世界各地,https://img.cc0.cn/pixabay/2019102013115081591.jpg%21w500.jpg,https://cc0.cn/image/shijie/,img.cc0.cn 国内域名CDN；短期Demo直链优先,使用前仍需检查肖像/商标/特殊版权；长期生产建议镜像到自有OSS/CDN
IMG232,城市生活,城市生活,通勤/城市/居住/日常,世界各地,https://img.cc0.cn/pixabay/2019102905455656117.jpg%21w500.jpg,https://cc0.cn/image/shijie/,img.cc0.cn 国内域名CDN；短期Demo直链优先,使用前仍需检查肖像/商标/特殊版权；长期生产建议镜像到自有OSS/CDN
IMG233,人生选择,人生选择,决定/转折/重新开始/长期选择,世界各地,https://img.cc0.cn/pixabay/2019102403244474421.jpg%21w500.jpg,https://cc0.cn/image/shijie/,img.cc0.cn 国内域名CDN；短期Demo直链优先,使用前仍需检查肖像/商标/特殊版权；长期生产建议镜像到自有OSS/CDN
IMG234,迁移旅行,迁移旅行,出发/搬迁/留学/旅行,世界各地,https://img.cc0.cn/pixabay/2019102010080762690.jpg%21w500.jpg,https://cc0.cn/image/shijie/,img.cc0.cn 国内域名CDN；短期Demo直链优先,使用前仍需检查肖像/商标/特殊版权；长期生产建议镜像到自有OSS/CDN
IMG235,城市生活,城市生活,通勤/城市/居住/日常,世界各地,https://img.cc0.cn/pixabay/2019102007471643883.jpg%21w500.jpg,https://cc0.cn/image/shijie/,img.cc0.cn 国内域名CDN；短期Demo直链优先,使用前仍需检查肖像/商标/特殊版权；长期生产建议镜像到自有OSS/CDN
IMG236,人生选择,人生选择,决定/转折/重新开始/长期选择,世界各地,https://img.cc0.cn/pixabay/2019102716463681475.jpg%21w500.jpg,https://cc0.cn/image/shijie/,img.cc0.cn 国内域名CDN；短期Demo直链优先,使用前仍需检查肖像/商标/特殊版权；长期生产建议镜像到自有OSS/CDN
IMG237,迁移旅行,迁移旅行,出发/搬迁/留学/旅行,世界各地,https://img.cc0.cn/pixabay/2019102107014070416.jpg%21w500.jpg,https://cc0.cn/image/shijie/,img.cc0.cn 国内域名CDN；短期Demo直链优先,使用前仍需检查肖像/商标/特殊版权；长期生产建议镜像到自有OSS/CDN
IMG238,城市生活,城市生活,通勤/城市/居住/日常,世界各地,https://img.cc0.cn/pixabay/2019103119071353258.jpg%21w500.jpg,https://cc0.cn/image/shijie/,img.cc0.cn 国内域名CDN；短期Demo直链优先,使用前仍需检查肖像/商标/特殊版权；长期生产建议镜像到自有OSS/CDN
IMG239,人生选择,人生选择,决定/转折/重新开始/长期选择,世界各地,https://img.cc0.cn/pixabay/2019102008092846838.jpg%21w500.jpg,https://cc0.cn/image/shijie/,img.cc0.cn 国内域名CDN；短期Demo直链优先,使用前仍需检查肖像/商标/特殊版权；长期生产建议镜像到自有OSS/CDN
IMG240,学习成长,学习成长,学习/备考/校园/自我提升,生活百科,https://img.cc0.cn/pixabay/2019102321240628290.jpg%21w500.jpg,https://cc0.cn/image/shenghuo/,img.cc0.cn 国内域名CDN；短期Demo直链优先,使用前仍需检查肖像/商标/特殊版权；长期生产建议镜像到自有OSS/CDN
IMG241,家庭亲情,家庭亲情,家庭/父母/亲子/归家,生活百科,https://img.cc0.cn/pixabay/2019102904482048360.jpg%21w500.jpg,https://cc0.cn/image/shenghuo/,img.cc0.cn 国内域名CDN；短期Demo直链优先,使用前仍需检查肖像/商标/特殊版权；长期生产建议镜像到自有OSS/CDN
IMG242,职场发展,职场发展 / 通用背景,工作/转行/求职/成长,生活百科,https://img.cc0.cn/pixabay/2019102223245262495.jpg%21w500.jpg,https://cc0.cn/image/shenghuo/,img.cc0.cn 国内域名CDN；短期Demo直链优先,使用前仍需检查肖像/商标/特殊版权；长期生产建议镜像到自有OSS/CDN
IMG243,情感关系,情感关系,关系/陪伴/沟通/分手与重逢,生活百科,https://img.cc0.cn/pixabay/2019103118061144114.jpg%21w500.jpg,https://cc0.cn/image/shenghuo/,img.cc0.cn 国内域名CDN；短期Demo直链优先,使用前仍需检查肖像/商标/特殊版权；长期生产建议镜像到自有OSS/CDN
IMG244,创业思考,创业思考 / 通用背景,创业/产品/项目/商业决策,生活百科,https://img.cc0.cn/pixabay/2019102906075859094.jpg%21w500.jpg,https://cc0.cn/image/shenghuo/,img.cc0.cn 国内域名CDN；短期Demo直链优先,使用前仍需检查肖像/商标/特殊版权；长期生产建议镜像到自有OSS/CDN
IMG245,职场发展,职场发展 / 创业思考,工作/转行/求职/成长,各行各业,https://img.cc0.cn/pixabay/2019102217490419731.jpg%21w500.jpg,https://cc0.cn/image/hangye/,img.cc0.cn 国内域名CDN；短期Demo直链优先,使用前仍需检查肖像/商标/特殊版权；长期生产建议镜像到自有OSS/CDN
IMG246,创业思考,创业思考,创业/产品/项目/商业决策,各行各业,https://img.cc0.cn/pixabay/2019102201371848428.jpg%21w500.jpg,https://cc0.cn/image/hangye/,img.cc0.cn 国内域名CDN；短期Demo直链优先,使用前仍需检查肖像/商标/特殊版权；长期生产建议镜像到自有OSS/CDN
IMG247,人生选择,人生选择,决定/转折/重新开始/长期选择,各行各业,https://img.cc0.cn/pixabay/2019102223591366736.jpg%21w500.jpg,https://cc0.cn/image/hangye/,img.cc0.cn 国内域名CDN；短期Demo直链优先,使用前仍需检查肖像/商标/特殊版权；长期生产建议镜像到自有OSS/CDN
IMG248,城市生活,城市生活,通勤/城市/居住/日常,各行各业,https://img.cc0.cn/pixabay/2019102716434681152.jpg%21w500.jpg,https://cc0.cn/image/hangye/,img.cc0.cn 国内域名CDN；短期Demo直链优先,使用前仍需检查肖像/商标/特殊版权；长期生产建议镜像到自有OSS/CDN
IMG249,迁移旅行,迁移旅行 / 人生选择,出发/搬迁/留学/旅行,交通运输,https://img.cc0.cn/pixabay/2019102202130952485.jpg%21w500.jpg,https://cc0.cn/image/jiaotong/,img.cc0.cn 国内域名CDN；短期Demo直链优先,使用前仍需检查肖像/商标/特殊版权；长期生产建议镜像到自有OSS/CDN
IMG250,人生选择,人生选择,决定/转折/重新开始/长期选择,交通运输,https://img.cc0.cn/pixabay/2019102009292557524.jpg%21w500.jpg,https://cc0.cn/image/jiaotong/,img.cc0.cn 国内域名CDN；短期Demo直链优先,使用前仍需检查肖像/商标/特殊版权；长期生产建议镜像到自有OSS/CDN
